{
  "version": "0.0.9",
  "name": "quantum-playground",
  "title": "Quantum Playground",
  "description": "Quantum Playground is my platform for learning FoundtyVTT development.",
  "author": "johnackley",
  "minimumCoreVersion": "0.5.0",
  "url": "https://github.com/johnackley/fvtt-playground",
  "manifest": "https://raw.github.com/johnackley/fvtt-playground/master/src/module.json",
  "download": "https://raw.github.com/johnackley/fvtt-playground/master/package/quantum-playground-v0.0.9.zip",
  "scripts": [],
  "esmodules": [
    "fvtt-playground.js"
  ],
  "styles": [
    "fvtt-playground.css"
  ],
  "packs": [
  ],
  "languages": [
    {
      "lang": "en",
      "name": "English",
      "path": "lang/en.json"
    }
  ]
}